"predictor","method","optimal_cutpoint","roc01","accuracy","sensitivity","specificity","AUC"
"fpsa","minimize_metric",0.472,0.419378752739727,0.710102489019034,0.685589519650655,0.722466960352423,0.773526922263047
"tpsa","minimize_metric",2.46,0.332372847432252,0.7701317715959,0.751091703056769,0.779735682819383,0.837475713213936
