"predictor","method","optimal_cutpoint","youden","accuracy","sensitivity","specificity","AUC"
"fpsa","maximize_metric",0.373,0.409104899678741,0.667642752562225,0.816593886462882,0.592511013215859,0.773526922263047
"tpsa","maximize_metric",2.46,0.530827385876152,0.7701317715959,0.751091703056769,0.779735682819383,0.837475713213936
